,name,tipo,cmc,lealdade,texto,raridades,preços
0,"Ashiok, Nightmare Muse",Legendary Planeswalker — Ashiok,5,Loyalty: 5,"+1: Create a 2/3 blue and black Nightmare creature token with “Whenever this creature attacks or blocks, each opponent exiles the top two cards of their library.”−3: Return target nonland permanent to its owner’s hand, then that player exiles a card from their hand.−7: You may cast up to three spells from among face-up cards your opponents own from exile without paying their mana costs.",Mítica,R$ 18.45 
1,"Ajani, Sleeper Agent",Legendary Planeswalker — Ajani,4,Loyalty: 4,"Compleated ({G/W/P} can be paid with {G}, {W}, or 2 life. If life was paid, this planeswalker enters with two fewer loyalty counters.)+1: Reveal the top card of your library. If it’s a creature or planeswalker card, put it into your hand. Otherwise, you may put it on the bottom of your library.−3: Distribute three +1/+1 counters among up to three target creatures. They gain vigilance until end of turn.−6: You get an emblem with “Whenever you cast a creature or planeswalker spell, target opponent gets two poison counters.”",Mítica,R$ 19.90 
2,"Liliana, the Last Hope",Legendary Planeswalker — Liliana,3,Loyalty: 3,"+1: Up to one target creature gets -2/-1 until your next turn.−2: Mill two cards, then you may return a creature card from your graveyard to your hand.−7: You get an emblem with “At the beginning of your end step, create X 2/2 black Zombie creature tokens, where X is two plus the number of Zombies you control.”",Mítica,R$ 0.00 
3,"Aminatou, the Fateshifter",Legendary Planeswalker — Aminatou,3,Loyalty: 3,"+1: Draw a card, then put a card from your hand on top of your library.−1: Exile another target permanent you own, then return it to the battlefield under your control.−6: Choose left or right. Each player gains control of all nonland permanents other than Aminatou, the Fateshifter controlled by the next player in the chosen direction.Aminatou, the Fateshifter can be your commander.",Mítica,R$ 229.29 
4,"Nicol Bolas, God-Pharaoh",Legendary Planeswalker — Bolas,7,Loyalty: 7,"+2: Target opponent exiles cards from the top of their library until they exile a nonland card. Until end of turn, you may cast that card without paying its mana cost.+1: Each opponent exiles two cards from their hand.−4: Nicol Bolas, God-Pharaoh deals 7 damage to target opponent, creature an opponent controls, or planeswalker an opponent controls.−12: Exile each nonland permanent your opponents control.",Mítica,R$ 43.99 
5,Wrenn and Six,Legendary Planeswalker — Wrenn,2,Loyalty: 3,+1: Return up to one target land card from your graveyard to your hand.−1: Wrenn and Six deals 1 damage to any target.−7: You get an emblem with “Instant and sorcery cards in your graveyard have retrace.” (You may cast instant and sorcery cards from your graveyard by discarding a land card in addition to paying their other costs.),Mítica,R$ 0.00 
6,Karn Liberated,Legendary Planeswalker — Karn,7,Loyalty: 6,"+4: Target player exiles a card from their hand.−3: Exile target permanent.−14: Restart the game, leaving in exile all non-Aura permanent cards exiled with Karn Liberated. Then put those cards onto the battlefield under your control.",Mítica,R$ 79.00 
7,"Jace, the Mind Sculptor",Legendary Planeswalker — Jace,4,Loyalty: 3,"+2: Look at the top card of target player’s library. You may put that card on the bottom of that player’s library.0: Draw three cards, then put two cards from your hand on top of your library in any order.−1: Return target creature to its owner’s hand.−12: Exile all cards from target player’s library, then that player shuffles their hand into their library.",Mítica,R$ 1.900.00 
8,Ajani Unyielding,Legendary Planeswalker — Ajani,6,Loyalty: 4,+2: Reveal the top three cards of your library. Put all nonland permanent cards revealed this way into your hand and the rest on the bottom of your library in any order.−2: Exile target creature. Its controller gains life equal to its power.−9: Put five +1/+1 counters on each creature you control and five loyalty counters on each other planeswalker you control.,Mítica,R$ 1.90 
9,Tezzeret the Schemer,Legendary Planeswalker — Tezzeret,4,Loyalty: 5,"+1: Create a colorless artifact token named Etherium Cell with “{T}, Sacrifice this artifact: Add one mana of any color.”−2: Target creature gets +X/-X until end of turn, where X is the number of artifacts you control.−7: You get an emblem with “At the beginning of combat on your turn, target artifact you control becomes an artifact creature with base power and toughness 5/5.”",Mítica,R$ 4.01 
10,"Ajani, Valiant Protector",Legendary Planeswalker — Ajani,6,Loyalty: 4,"+2: Put two +1/+1 counters on up to one target creature.+1: Reveal cards from the top of your library until you reveal a creature card. Put that card into your hand and the rest on the bottom of your library in a random order.−11: Put X +1/+1 counters on target creature, where X is your life total. That creature gains trample until end of turn.",Mítica,R$ 12.23 
11,"Tezzeret, Master of Metal",Legendary Planeswalker — Tezzeret,6,Loyalty: 5,+1: Reveal cards from the top of your library until you reveal an artifact card. Put that card into your hand and the rest on the bottom of your library in a random order.−3: Target opponent loses life equal to the number of artifacts you control.−8: Gain control of all artifacts and creatures target opponent controls.,Mítica,R$ 14.95 
12,Gideon of the Trials,Legendary Planeswalker — Gideon,3,Loyalty: 3,"+1: Until your next turn, prevent all damage target permanent would deal.0: Until end of turn, Gideon of the Trials becomes a 4/4 Human Soldier creature with indestructible that’s still a planeswalker. Prevent all damage that would be dealt to him this turn.0: You get an emblem with “As long as you control a Gideon planeswalker, you can’t lose the game and your opponents can’t win the game.”",Mítica,R$ 0.00 
13,"Liliana, Death's Majesty",Legendary Planeswalker — Liliana,5,Loyalty: 5,+1: Create a 2/2 black Zombie creature token. Mill two cards.−3: Return target creature card from your graveyard to the battlefield. That creature is a black Zombie in addition to its other colors and types.−7: Destroy all non-Zombie creatures.,Mítica,R$ 11.00 
14,"Nissa, Steward of Elements",Legendary Planeswalker — Nissa,2,Loyalty: X,"+2: Scry 2.0: Look at the top card of your library. If it’s a land card or a creature card with mana value less than or equal to the number of loyalty counters on Nissa, Steward of Elements, you may put that card onto the battlefield.−6: Untap up to two target lands you control. They become 5/5 Elemental creatures with flying and haste until end of turn. They’re still lands.",Mítica,R$ 0.00 
15,"Gideon, Martial Paragon",Legendary Planeswalker — Gideon,5,Loyalty: 5,"+2: Untap all creatures you control. Those creatures get +1/+1 until end of turn.0: Until end of turn, Gideon, Martial Paragon becomes a 5/5 Human Soldier creature with indestructible that’s still a planeswalker. Prevent all damage that would be dealt to him this turn.−10: Creatures you control get +2/+2 until end of turn. Tap all creatures your opponents control.",Mítica,R$ 10.16 
16,"Liliana, Death Wielder",Legendary Planeswalker — Liliana,7,Loyalty: 5,+2: Put a -1/-1 counter on up to one target creature.−3: Destroy target creature with a -1/-1 counter on it.−10: Return all creature cards from your graveyard to the battlefield.,Mítica,R$ 9.99 
17,"Elspeth, Knight-Errant",Legendary Planeswalker — Elspeth,4,Loyalty: 4,"+1: Create a 1/1 white Soldier creature token.+1: Target creature gets +3/+3 and gains flying until end of turn.−8: You get an emblem with “Artifacts, creatures, enchantments, and lands you control have indestructible.”",Mítica,R$ 74.00 
18,Tezzeret the Seeker,Legendary Planeswalker — Tezzeret,5,Loyalty: 4,"+1: Untap up to two target artifacts.−X: Search your library for an artifact card with mana value X or less, put it onto the battlefield, then shuffle.−5: Artifacts you control become artifact creatures with base power and toughness 5/5 until end of turn.",Rara,R$ 184.90 
19,Ajani Vengeant,Legendary Planeswalker — Ajani,4,Loyalty: 3,+1: Target permanent doesn’t untap during its controller’s next untap step.−2: Ajani Vengeant deals 3 damage to any target and you gain 3 life.−7: Destroy all lands target player controls.,Mítica,R$ 3.99 
20,Sarkhan Vol,Legendary Planeswalker — Sarkhan,4,Loyalty: 4,+1: Creatures you control get +1/+1 and gain haste until end of turn.−2: Gain control of target creature until end of turn. Untap that creature. It gains haste until end of turn.−6: Create five 4/4 red Dragon creature tokens with flying.,Mítica,R$ 86.50 
21,"Tamiyo, the Moon Sage",Legendary Planeswalker — Tamiyo,5,Loyalty: 4,"+1: Tap target permanent. It doesn’t untap during its controller’s next untap step.−2: Draw a card for each tapped creature target player controls.−8: You get an emblem with “You have no maximum hand size” and “Whenever a card is put into your graveyard from anywhere, you may return it to your hand.”",Mítica,R$ 29.90 
22,"Tibalt, the Fiend-Blooded",Legendary Planeswalker — Tibalt,2,Loyalty: 2,"+1: Draw a card, then discard a card at random.−4: Tibalt, the Fiend-Blooded deals damage equal to the number of cards in target player’s hand to that player.−6: Gain control of all creatures until end of turn. Untap them. They gain haste until end of turn.",Mítica,R$ 57.50 
23,Will Kenrith,Legendary Planeswalker — Will,6,Loyalty: 4,"+2: Until your next turn, up to two target creatures each have base power and toughness 0/3 and lose all abilities.−2: Target player draws two cards. Until your next turn, instant, sorcery, and planeswalker spells that player casts cost {2} less to cast.−8: Target player gets an emblem with “Whenever you cast an instant or sorcery spell, copy it. You may choose new targets for the copy.”Partner with Rowan KenrithWill Kenrith can be your commander.",Mítica,R$ 3.62 
24,Rowan Kenrith,Legendary Planeswalker — Rowan,6,Loyalty: 4,"+2: During target player’s next turn, each creature that player controls attacks if able.−2: Rowan Kenrith deals 3 damage to each tapped creature target player controls.−8: Target player gets an emblem with “Whenever you activate an ability that isn’t a mana ability, copy it. You may choose new targets for the copy.”Partner with Will KenrithRowan Kenrith can be your commander.",Mítica,R$ 2.83 
25,"Gideon, Ally of Zendikar",Legendary Planeswalker — Gideon,4,Loyalty: 4,"+1: Until end of turn, Gideon, Ally of Zendikar becomes a 5/5 Human Soldier Ally creature with indestructible that’s still a planeswalker. Prevent all damage that would be dealt to him this turn.0: Create a 2/2 white Knight Ally creature token.−4: You get an emblem with “Creatures you control get +1/+1.”",Mítica,R$ 34.88 
26,Ob Nixilis Reignited,Legendary Planeswalker — Nixilis,5,Loyalty: 5,"+1: You draw a card and you lose 1 life.−3: Destroy target creature.−8: Target opponent gets an emblem with “Whenever a player draws a card, you lose 2 life.”",Mítica,R$ 2.90 
27,"Kiora, Master of the Depths",Legendary Planeswalker — Kiora,4,Loyalty: 4,"+1: Untap up to one target creature and up to one target land.−2: Reveal the top four cards of your library. You may put a creature card and/or a land card from among them into your hand. Put the rest into your graveyard.−8: You get an emblem with “Whenever a creature enters the battlefield under your control, you may have it fight target creature.” Then create three 8/8 blue Octopus creature tokens.",Mítica,R$ 4.25 
28,"Kiora, the Crashing Wave",Legendary Planeswalker — Kiora,4,Loyalty: 2,"+1: Until your next turn, prevent all damage that would be dealt to and dealt by target permanent an opponent controls.−1: Draw a card. You may play an additional land this turn.−5: You get an emblem with “At the beginning of your end step, create a 9/9 blue Kraken creature token.”",Mítica,R$ 5.31 
29,"Nahiri, the Lithomancer",Legendary Planeswalker — Nahiri,5,Loyalty: 3,"+2: Create a 1/1 white Kor Soldier creature token. You may attach an Equipment you control to it.−2: You may put an Equipment card from your hand or graveyard onto the battlefield.−10: Create a colorless Equipment artifact token named Stoneforged Blade. It has indestructible, “Equipped creature gets +5/+5 and has double strike,” and equip {0}.Nahiri, the Lithomancer can be your commander.",Rara,R$ 13.27
30,"Teferi, Temporal Archmage",Legendary Planeswalker — Teferi,6,Loyalty: 5,"+1: Look at the top two cards of your library. Put one of them into your hand and the other on the bottom of your library.−1: Untap up to four target permanents.−10: You get an emblem with “You may activate loyalty abilities of planeswalkers you control on any player’s turn any time you could cast an instant.”Teferi, Temporal Archmage can be your commander.",Rara,R$ 39.99
31,Ob Nixilis of the Black Oath,Legendary Planeswalker — Nixilis,5,Loyalty: 3,"+2: Each opponent loses 1 life. You gain life equal to the life lost this way.−2: Create a 5/5 black Demon creature token with flying. You lose 2 life.−8: You get an emblem with “{1}{B}, Sacrifice a creature: You gain X life and draw X cards, where X is the sacrificed creature’s power.”Ob Nixilis of the Black Oath can be your commander.",Rara,R$ 14.99
32,Wake the Dead,Legendary Planeswalker — Liliana,2,Loyalty: 4,"+1: Each player discards a card. Each opponent who can’t loses 3 life.−3: Target creature gets -X/-X until end of turn, where X is the number of cards in your graveyard.−7: You get an emblem with “At the beginning of combat on your turn, put target creature card from a graveyard onto the battlefield under your control. It gains haste.”",Rara,R$ 11.98
33,"Daretti, Scrap Savant",Legendary Planeswalker — Daretti,4,Loyalty: 3,"+2: Discard up to two cards, then draw that many cards.−2: Sacrifice an artifact. If you do, return target artifact card from your graveyard to the battlefield.−10: You get an emblem with “Whenever an artifact is put into your graveyard from the battlefield, return that card to the battlefield at the beginning of the next end step.”Daretti, Scrap Savant can be your commander.",Rara,R$ 14.90
34,"Freyalise, Llanowar's Fury",Legendary Planeswalker — Freyalise,5,Loyalty: 3,"+2: Create a 1/1 green Elf Druid creature token with “{T}: Add {G}.”−2: Destroy target artifact or enchantment.−6: Draw a card for each green creature you control.Freyalise, Llanowar’s Fury can be your commander.",Rara,R$ 34.95
35,"Estrid, the Masked",Legendary Planeswalker — Estrid,4,Loyalty: 3,"+2: Untap each enchanted permanent you control.−1: Create a white Aura enchantment token named Mask attached to another target permanent. The token has enchant permanent and totem armor.−7: Mill seven cards. Return all non-Aura enchantment cards from your graveyard to the battlefield, then do the same for Aura cards.Estrid, the Masked can be your commander.",Mítica,R$ 2.98 
36,Lord Windgrace,Legendary Planeswalker — Windgrace,5,Loyalty: 5,"+2: Discard a card, then draw a card. If a land card is discarded this way, draw an additional card.−3: Return up to two target land cards from your graveyard to the battlefield.−11: Destroy up to six target nonland permanents, then create six 2/2 green Cat Warrior creature tokens with forestwalk.Lord Windgrace can be your commander.",Mítica,R$ 43.99 
37,"Saheeli, the Gifted",Legendary Planeswalker — Saheeli,4,Loyalty: 4,"+1: Create a 1/1 colorless Servo artifact creature token.+1: The next spell you cast this turn costs {1} less to cast for each artifact you control as you cast it.−7: For each artifact you control, create a token that’s a copy of it. Those tokens gain haste. Exile those tokens at the beginning of the next end step.Saheeli, the Gifted can be your commander.",Mítica,R$ 4.25 
38,"Garruk, Primal Hunter",Legendary Planeswalker — Garruk,5,Loyalty: 3,+1: Create a 3/3 green Beast creature token.−3: Draw cards equal to the greatest power among creatures you control.−6: Create a 6/6 green Wurm creature token for each land you control.,Mítica,R$ 2.99 
39,Ral Zarek,Legendary Planeswalker — Ral,4,Loyalty: 4,"+1: Tap target permanent, then untap another target permanent.−2: Ral Zarek deals 3 damage to any target.−7: Flip five coins. Take an extra turn after this one for each coin that comes up heads.",Mítica,R$ 9.95 
40,Vraska the Unseen,Legendary Planeswalker — Vraska,5,Loyalty: 5,"+1: Until your next turn, whenever a creature deals combat damage to Vraska the Unseen, destroy that creature.−3: Destroy target nonland permanent.−7: Create three 1/1 black Assassin creature tokens with “Whenever this creature deals combat damage to a player, that player loses the game.”",Mítica,R$ 2.70 
41,"Jace, Architect of Thought",Legendary Planeswalker — Jace,4,Loyalty: 4,"+1: Until your next turn, whenever a creature an opponent controls attacks, it gets -1/-0 until end of turn.−2: Reveal the top three cards of your library. An opponent separates those cards into two piles. Put one pile into your hand and the other on the bottom of your library in any order.−8: For each player, search that player’s library for a nonland card and exile it, then that player shuffles. You may cast those cards without paying their mana costs.",Mítica,R$ 0.89 
42,"Chandra, Flamecaller",Legendary Planeswalker — Chandra,6,Loyalty: 4,"+1: Create two 3/1 red Elemental creature tokens with haste. Exile them at the beginning of the next end step.0: Discard all the cards in your hand, then draw that many cards plus one.−X: Chandra, Flamecaller deals X damage to each creature.",Mítica,R$ 2.99 
43,"Nahiri, the Harbinger",Legendary Planeswalker — Nahiri,4,Loyalty: 4,"+2: You may discard a card. If you do, draw a card.−2: Exile target enchantment, tapped artifact, or tapped creature.−8: Search your library for an artifact or creature card, put it onto the battlefield, then shuffle. It gains haste. Return it to your hand at the beginning of the next end step.",Mítica,R$ 2.51 
44,"Gideon, Champion of Justice",Legendary Planeswalker — Gideon,4,Loyalty: 4,"+1: Put a loyalty counter on Gideon, Champion of Justice for each creature target opponent controls.0: Until end of turn, Gideon, Champion of Justice becomes a Human Soldier creature with power and toughness each equal to the number of loyalty counters on him and gains indestructible. He’s still a planeswalker. Prevent all damage that would be dealt to him this turn.−15: Exile all other permanents.",Mítica,R$ 2.20 
45,Jaya Ballard,Legendary Planeswalker — Jaya,5,Loyalty: 5,"+1: Add {R}{R}{R}. Spend this mana only to cast instant or sorcery spells.+1: Discard up to three cards, then draw that many cards.−8: You get an emblem with “You may cast instant and sorcery spells from your graveyard. If a spell cast this way would be put into your graveyard, exile it instead.”",Mítica,R$ 78.99 
46,"Ashiok, Nightmare Weaver",Legendary Planeswalker — Ashiok,3,Loyalty: 3,"+2: Exile the top three cards of target opponent’s library.−X: Put a creature card with mana value X exiled with Ashiok, Nightmare Weaver onto the battlefield under your control. That creature is a Nightmare in addition to its other types.−10: Exile all cards from all opponents’ hands and graveyards.",Mítica,R$ 7.90 
47,Elminster,Legendary Planeswalker — Elminster,5,Loyalty: 5,"Whenever you scry, the next instant or sorcery spell you cast this turn costs {X} less to cast, where X is the number of cards looked at while scrying this way.+2: Draw a card, then scry 2.−3: Exile the top card of your library. Create a number of 1/1 blue Faerie Dragon creature tokens with flying equal to that card’s mana value.Elminster can be your commander.",Mítica,R$ 13.72 
48,"Minsc & Boo, Timeless Heroes",Legendary Planeswalker — Minsc,4,Loyalty: 3,"When Minsc & Boo, Timeless Heroes enters the battlefield and at the beginning of your upkeep, if you don’t control a creature named Boo, create Boo, a legendary 1/1 red Hamster creature token with trample and haste.+1: Put three +1/+1 counters on up to one target creature with trample or haste.−2: Sacrifice a creature. When you do, Minsc & Boo, Timeless Heroes deals X damage to any target, where X is that creature’s power. If the sacrificed creature was a Hamster, draw X cards.",Mítica,R$ 0.00 
49,"Tasha, the Witch Queen",Legendary Planeswalker — Tasha,5,Loyalty: 4,"Whenever you cast a spell you don’t own, create a 3/3 black Demon creature token.+1: Draw a card. For each opponent, exile up to one target instant or sorcery card from that player’s graveyard and put a page counter on it.−3: You may cast a spell from among cards in exile with page counters on them without paying its mana cost.Tasha, the Witch Queen can be your commander.",Mítica,R$ 20.68 
50,"Vivien, Champion of the Wilds",Legendary Planeswalker — Vivien,3,Loyalty: 4,"You may cast creature spells as though they had flash.+1: Until your next turn, up to one target creature gains vigilance and reach.−2: Look at the top three cards of your library. Exile one face down and put the rest on the bottom of your library in any order. For as long as it remains exiled, you may look at that card and you may cast it if it’s a creature spell.",Rara,R$ 4.66 
51,"Xenagos, the Reveler",Legendary Planeswalker — Xenagos,4,Loyalty: 3,"+1: Add X mana in any combination of {R} and/or {G}, where X is the number of creatures you control.0: Create a 2/2 red and green Satyr creature token with haste.−6: Exile the top seven cards of your library. You may put any number of creature and/or land cards from among them onto the battlefield.",Mítica,R$ 5.99 
52,Tibalt the Chaotic,Legendary Planeswalker — Tibalt,3,Loyalty: 4,"+1: Cast a copy of one of the following cards chosen at random—Ignorant Bliss, Crack the Earth, Blazing Volley.−3: Cast a copy of one of the following cards chosen at random—Seething Song, Dance with Devils, Flamebreak.−6: Cast a copy of one of the following cards chosen at random—Hellion Eruption, Insurrection, Warp World.",Rara,R$ 8.00 
53,"Abian, Luvion Usurper",Legendary Planeswalker — Abian,7,Loyalty: 5,"As Abian, Luvion Usurper enters the battlefield, you become Abian. (Your life total becomes equal to their loyalty. You can activate the loyalty abilities by spending or gaining life.)+3: Discard your hand, then draw cards equal to the greatest power among creatures you control.+1: Create a 3/2 red and green Spirit creature token.−X: You deal X damage to any target.",Rara,R$ 6.95 
54,"Kaya, Ghost Haunter",Legendary Planeswalker — Kaya,4,Loyalty: 3,"0: Exile Kaya, Ghost Haunter haunting target creature for as long as that creature remains on the battlefield.−1: You get an emblem with, “At the beginning of your upkeep, this emblem deals 3 damage to the owner of target haunted creature.”−2: You get an emblem with, “At the beginning of your upkeep, gain control of target haunted creature for as long as it remains haunted.”",Rara,R$ 1.50 
55,Garruk Wildspeaker,Legendary Planeswalker — Garruk,4,Loyalty: 3,+1: Untap two target lands.−1: Create a 3/3 green Beast creature token.−4: Creatures you control get +3/+3 and gain trample until end of turn.,Mítica,R$ 99.90
56,Commodore Guff,Legendary Planeswalker — Guff,4,Loyalty: 5,"At the beginning of your end step, put a loyalty counter on another target planeswalker you control.+1: Create a 1/1 red Wizard creature token with “{T}: Add {R}. Spend this mana only to cast a planeswalker spell.”−3: You draw X cards and Commodore Guff deals X damage to each opponent, where X is the number of planeswalkers you control.Commodore Guff can be your commander.",Mítica,R$ 13.12 
57,"Teyo, Geometric Tactician",Legendary Planeswalker — Teyo,3,Loyalty: 3,"When Teyo, Geometric Tactician enters the battlefield, create a 0/4 white Wall creature token with defender and flying.+1: You and target opponent each draw a card.−2: Choose left or right. Until your next turn, each player may attack only the nearest opponent in the last chosen direction and planeswalkers controlled by that opponent.",Rara,R$ 10.49 
58,"Vronos, Masked Inquisitor",Legendary Planeswalker — Vronos,5,Loyalty: 5,"+1: Up to two other target planeswalkers you control phase out at the beginning of the next end step. (Treat them and anything attached to them as though they don’t exist until your next turn.)−2: For each opponent, return up to one target nonland permanent that player controls to its owner’s hand.−7: Target artifact you control becomes a 9/9 Construct artifact creature and gains vigilance, indestructible, and “This creature can’t be blocked.”",Rara,R$ 20.50 
59,"Chandra, Legacy of Fire",Legendary Planeswalker — Chandra,5,Loyalty: 3,"At the beginning of your end step, Chandra, Legacy of Fire deals X damage to each opponent, where X is the number of planeswalkers you control.+1: Add {R} for each planeswalker you control.0: Remove a loyalty counter from each of any number of permanents you control. Exile that many cards from the top of your library. You may play them this turn.",Rara,R$ 9.74 
60,"Ugin, the Ineffable",Legendary Planeswalker — Ugin,6,Loyalty: 4,"Colorless spells you cast cost {2} less to cast.+1: Exile the top card of your library face down and look at it. Create a 2/2 colorless Spirit creature token. When that token leaves the battlefield, put the exiled card into your hand.−3: Destroy target permanent that’s one or more colors.",Rara,R$ 7.49 
61,Ajani Steadfast,Legendary Planeswalker — Ajani,4,Loyalty: 4,"+1: Until end of turn, up to one target creature gets +1/+1 and gains first strike, vigilance, and lifelink.−2: Put a +1/+1 counter on each creature you control and a loyalty counter on each other planeswalker you control.−7: You get an emblem with “If a source would deal damage to you or a planeswalker you control, prevent all but 1 of that damage.”",Mítica,R$ 4.70 
62,"Elspeth, Sun's Champion",Legendary Planeswalker — Elspeth,6,Loyalty: 4,+1: Create three 1/1 white Soldier creature tokens.−3: Destroy all creatures with power 4 or greater.−7: You get an emblem with “Creatures you control get +2/+2 and have flying.”,Mítica,R$ 6.39 
63,Gideon Jura,Legendary Planeswalker — Gideon,5,Loyalty: 6,"+2: During target opponent’s next turn, creatures that player controls attack Gideon Jura if able.−2: Destroy target tapped creature.0: Until end of turn, Gideon Jura becomes a 6/6 Human Soldier creature that’s still a planeswalker. Prevent all damage that would be dealt to him this turn.",Mítica,R$ 0.89 
64,The Wanderer,Legendary Planeswalker,4,Loyalty: 5,"No more than one creature can attack The Eternal Wanderer each combat.+1: Exile up to one target artifact or creature. Return that card to the battlefield under its owner’s control at the beginning of that player’s next end step.0: Create a 2/2 white Samurai creature token with double strike.−4: For each player, choose a creature that player controls. Each player sacrifices all creatures they control not chosen this way.",Incomum,R$ 0.80 
65,Jace Beleren,Legendary Planeswalker — Jace,3,Loyalty: 3,+2: Each player draws a card.−1: Target player draws a card.−10: Target player mills twenty cards.,Mítica,R$ 400.00 
66,"Jace, Mirror Mage",Legendary Planeswalker — Jace,3,Loyalty: 4,"Kicker {2}When Jace, Mirror Mage enters the battlefield, if Jace was kicked, create a token that’s a copy of Jace, Mirror Mage, except it’s not legendary and its starting loyalty is 1.+1: Scry 2.0: Draw a card and reveal it. Remove a number of loyalty counters equal to that card’s mana value from Jace, Mirror Mage.",Mítica,R$ 1.99 
67,"Narset, Parter of Veils",Legendary Planeswalker — Narset,3,Loyalty: 5,"Each opponent can’t draw more than one card each turn.−2: Look at the top four cards of your library. You may reveal a noncreature, nonland card from among them and put it into your hand. Put the rest on the bottom of your library in a random order.",Incomum,R$ 3.95 
68,"Chandra, Awakened Inferno",Legendary Planeswalker — Chandra,6,Loyalty: 6,"This spell can’t be countered.+2: Each opponent gets an emblem with “At the beginning of your upkeep, this emblem deals 1 damage to you.”−3: Chandra, Awakened Inferno deals 3 damage to each non-Elemental creature.−X: Chandra, Awakened Inferno deals X damage to target creature or planeswalker. If a permanent dealt damage this way would die this turn, exile it instead.",Mítica,R$ 14.75 
69,"Chandra, Torch of Defiance",Legendary Planeswalker — Chandra,4,Loyalty: 4,"+1: Exile the top card of your library. You may cast that card. If you don’t, Chandra, Torch of Defiance deals 2 damage to each opponent.+1: Add {R}{R}.−3: Chandra, Torch of Defiance deals 4 damage to target creature.−7: You get an emblem with “Whenever you cast a spell, this emblem deals 5 damage to any target.”",Mítica,R$ 6.00 
70,Sarkhan the Masterless,Legendary Planeswalker — Sarkhan,5,Loyalty: 5,"Whenever a creature attacks you or a planeswalker you control, each Dragon you control deals 1 damage to that creature.+1: Until end of turn, each planeswalker you control becomes a 4/4 red Dragon creature and gains flying.−3: Create a 4/4 red Dragon creature token with flying.",Rara,R$ 0.52 
71,"Calix, Destiny's Hand",Legendary Planeswalker — Calix,4,Loyalty: 4,+1: Look at the top four cards of your library. You may reveal an enchantment card from among them and put that card into your hand. Put the rest on the bottom of your library in a random order.−3: Exile target creature or enchantment you don’t control until target enchantment you control leaves the battlefield.−7: Return all enchantment cards from your graveyard to the battlefield.,Mítica,R$ 5.31 
72,Narset of the Ancient Way,Legendary Planeswalker — Narset,4,Loyalty: 4,"+1: You gain 2 life. Add {U}, {R}, or {W}. Spend this mana only to cast a noncreature spell.−2: Draw a card, then you may discard a card. When you discard a nonland card this way, Narset of the Ancient Way deals damage equal to that card’s mana value to target creature or planeswalker.−6: You get an emblem with “Whenever you cast a noncreature spell, this emblem deals 2 damage to any target.”",Mítica,R$ 2.93 
73,"Saheeli, Sublime Artificer",Legendary Planeswalker — Saheeli,3,Loyalty: 5,"Whenever you cast a noncreature spell, create a 1/1 colorless Servo artifact creature token.−2: Target artifact you control becomes a copy of another target artifact or creature you control until end of turn, except it’s an artifact in addition to its other types.",Incomum,R$ 0.99 
74,"Tevesh Szat, Doom of Fools",Legendary Planeswalker — Szat,5,Loyalty: 4,"+2: Create two 0/1 black Thrull creature tokens.+1: You may sacrifice another creature or planeswalker. If you do, draw two cards, then draw another card if the sacrificed permanent was a commander.−10: Gain control of all commanders. Put all commanders from the command zone onto the battlefield under your control.Tevesh Szat, Doom of Fools can be your commander.Partner",Mítica,R$ 169.99 
75,"Jeska, Thrice Reborn",Legendary Planeswalker — Jeska,3,Loyalty: 0,"Jeska, Thrice Reborn enters the battlefield with a loyalty counter on her for each time you’ve cast a commander from the command zone this game.0: Choose target creature. Until your next turn, if that creature would deal combat damage to one of your opponents, it deals triple that damage to that player instead.−X: Jeska, Thrice Reborn deals X damage to each of up to three targets.Jeska, Thrice Reborn can be your commander.Partner",Mítica,R$ 189.99
76,"Daretti, Ingenious Iconoclast",Legendary Planeswalker — Daretti,3,Loyalty: 3,"+1: Create a 1/1 colorless Construct artifact creature token with defender.−1: You may sacrifice an artifact. If you do, destroy target artifact or creature.−6: Choose target artifact card in a graveyard or artifact on the battlefield. Create three tokens that are copies of it.",Mítica,R$ 135.35 
77,"Kaya, Ghost Assassin",Legendary Planeswalker — Kaya,4,Loyalty: 5,"0: Exile Kaya, Ghost Assassin or up to one target creature. Return that card to the battlefield under its owner’s control at the beginning of your next upkeep. You lose 2 life.−1: Each opponent loses 2 life and you gain 2 life.−2: Each opponent discards a card and you draw a card.",Mítica,R$ 34.30 
78,Dack Fayden,Legendary Planeswalker — Dack,3,Loyalty: 3,"+1: Target player draws two cards, then discards two cards.−2: Gain control of target artifact.−6: You get an emblem with “Whenever you cast a spell that targets one or more permanents, gain control of those permanents.”",Mítica,R$ 58.00 
79,"Nicol Bolas, Planeswalker",Legendary Planeswalker — Bolas,8,Loyalty: 5,"+3: Destroy target noncreature permanent.−2: Gain control of target creature.−9: Nicol Bolas, Planeswalker deals 7 damage to target player or planeswalker. That player or that planeswalker’s controller discards seven cards, then sacrifices seven permanents.",Mítica,R$ 12.70 
80,Chandra Nalaar,Legendary Planeswalker — Chandra,5,Loyalty: 6,+1: Chandra Nalaar deals 1 damage to target player or planeswalker.−X: Chandra Nalaar deals X damage to target creature.−8: Chandra Nalaar deals 10 damage to target player or planeswalker and each creature that player or that planeswalker’s controller controls.,Mítica,R$ 99.90
81,Liliana Vess,Legendary Planeswalker — Liliana,5,Loyalty: 5,"+1: Target player discards a card.−2: Search your library for a card, then shuffle and put that card on top.−8: Put all creature cards from all graveyards onto the battlefield under your control.",Mítica,R$ 118.00
82,"Venser, the Sojourner",Legendary Planeswalker — Venser,5,Loyalty: 3,"+2: Exile target permanent you own. Return it to the battlefield under your control at the beginning of the next end step.−1: Creatures can’t be blocked this turn.−8: You get an emblem with “Whenever you cast a spell, exile target permanent.”",Mítica,R$ 138.38 
83,Koth of the Hammer,Legendary Planeswalker — Koth,4,Loyalty: 3,+1: Untap target Mountain. It becomes a 4/4 red Elemental creature until end of turn. It’s still a land.−2: Add {R} for each Mountain you control.−5: You get an emblem with “Mountains you control have ‘{T}: This land deals 1 damage to any target.’”,Mítica,R$ 39.99 
84,"Sorin, Lord of Innistrad",Legendary Planeswalker — Sorin,4,Loyalty: 3,+1: Create a 1/1 black Vampire creature token with lifelink.−2: You get an emblem with “Creatures you control get +1/+0.”−6: Destroy up to three target creatures and/or other planeswalkers. Return each card put into a graveyard this way to the battlefield under your control.,Mítica,R$ 5.49 
85,"Nissa, Voice of Zendikar",Legendary Planeswalker — Nissa,3,Loyalty: 3,"+1: Create a 0/1 green Plant creature token.−2: Put a +1/+1 counter on each creature you control.−7: You gain X life and draw X cards, where X is the number of lands you control.",Mítica,R$ 7.00 
86,"Dihada, Binder of Wills",Legendary Planeswalker — Dihada,4,Loyalty: 5,"+2: Up to one target legendary creature gains vigilance, lifelink, and indestructible until your next turn.−3: Reveal the top four cards of your library. Put any number of legendary cards from among them into your hand and the rest into your graveyard. Create a Treasure token for each card put into your graveyard this way.−11: Gain control of all nonland permanents until end of turn. Untap them. They gain haste until end of turn.Dihada, Binder of Wills can be your commander.",Mítica,R$ 15.22 
87,Jared Carthalion,Legendary Planeswalker — Jared,5,Loyalty: 5,"+1: Create a 3/3 Kavu creature token with trample that’s all colors.−3: Choose up to two target creatures. For each of them, put a number of +1/+1 counters on it equal to the number of colors it is.−6: Return target multicolored card from your graveyard to your hand. If that card was all colors, draw a card and create two Treasure tokens.Jared Carthalion can be your commander.",Mítica,R$ 2.51 
88,"Sivitri, Dragon Master",Legendary Planeswalker — Sivitri,4,Loyalty: 4,"+1: Until your next turn, creatures can’t attack you or planeswalkers you control unless their controller pays 2 life for each of those creatures.−3: Search your library for a Dragon card, reveal it, put it into your hand, then shuffle.−7: Destroy all non-Dragon creatures.Sivitri, Dragon Master can be your commander.",Mítica,R$ 42.54 
89,"Karn, Living Legacy",Legendary Planeswalker — Karn,4,Loyalty: 4,"+1: Create a tapped Powerstone token. (It’s an artifact with “{T}: Add {C}. This mana can’t be spent to cast a nonartifact spell.”)−1: Pay any amount of mana. Look at that many cards from the top of your library, then put one of those cards into your hand and the rest on the bottom of your library in a random order.−7: You get an emblem with “Tap an untapped artifact you control: This emblem deals 1 damage to any target.”",Mítica,R$ 10.90 
90,Liliana of the Veil,Legendary Planeswalker — Liliana,3,Loyalty: 3,+1: Each player discards a card.−2: Target player sacrifices a creature.−6: Separate all permanents target player controls into two piles. That player sacrifices all permanents in the pile of their choice.,Mítica,R$ 94.75 
91,"Jaya, Fiery Negotiator",Legendary Planeswalker — Jaya,4,Loyalty: 4,"+1: Create a 1/1 red Monk creature token with prowess.−1: Exile the top two cards of your library. Choose one of them. You may play that card this turn.−2: Choose target creature an opponent controls. Whenever you attack this turn, Jaya, Fiery Negotiator deals damage equal to the number of attacking creatures to that creature.−8: You get an emblem with “Whenever you cast a red instant or sorcery spell, copy it twice. You may choose new targets for the copies.”",Mítica,R$ 8.90 
92,"Ajani, Sleeper Agent",Legendary Planeswalker — Ajani,4,Loyalty: 4,"Compleated ({G/W/P} can be paid with {G}, {W}, or 2 life. If life was paid, this planeswalker enters with two fewer loyalty counters.)+1: Reveal the top card of your library. If it’s a creature or planeswalker card, put it into your hand. Otherwise, you may put it on the bottom of your library.−3: Distribute three +1/+1 counters among up to three target creatures. They gain vigilance until end of turn.−6: You get an emblem with “Whenever you cast a creature or planeswalker spell, target opponent gets two poison counters.”",Mítica,R$ 26.64 
93,"Karn, Scion of Urza",Legendary Planeswalker — Karn,4,Loyalty: 5,+1: Reveal the top two cards of your library. An opponent chooses one of them. Put that card into your hand and exile the other with a silver counter on it.−1: Put a card you own with a silver counter on it from exile into your hand.−2: Create a 0/0 colorless Construct artifact creature token with “This creature gets +1/+1 for each artifact you control.”,Mítica,R$ 298.69 
94,"Teferi, Hero of Dominaria",Legendary Planeswalker — Teferi,5,Loyalty: 4,"+1: Draw a card. At the beginning of the next end step, untap up to two lands.−3: Put target nonland permanent into its owner’s library third from the top.−8: You get an emblem with “Whenever you draw a card, exile target permanent an opponent controls.”",Special,R$ 161.99 
95,"Teferi, Timebender",Legendary Planeswalker — Teferi,6,Loyalty: 5,+2: Untap up to one target artifact or creature.−3: You gain 2 life and draw two cards.−9: Take an extra turn after this one.,Mítica,R$ 4.64 
96,"Chandra, Bold Pyromancer",Legendary Planeswalker — Chandra,6,Loyalty: 5,"+1: Add {R}{R}. Chandra, Bold Pyromancer deals 2 damage to target player.−3: Chandra, Bold Pyromancer deals 3 damage to target creature or planeswalker.−7: Chandra, Bold Pyromancer deals 10 damage to target player and each creature and planeswalker they control.",Mítica,R$ 11.75 
97,Narset Transcendent,Legendary Planeswalker — Narset,4,Loyalty: 6,"+1: Look at the top card of your library. If it’s a noncreature, nonland card, you may reveal it and put it into your hand.−2: When you cast your next instant or sorcery spell from your hand this turn, it gains rebound. (Exile the spell as it resolves. At the beginning of your next upkeep, you may cast that card from exile without paying its mana cost.)−9: You get an emblem with “Your opponents can’t cast noncreature spells.”",Mítica,R$ 27.90 
98,Sarkhan Unbroken,Legendary Planeswalker — Sarkhan,5,Loyalty: 4,"+1: Draw a card, then add one mana of any color.−2: Create a 4/4 red Dragon creature token with flying.−8: Search your library for any number of Dragon creature cards, put them onto the battlefield, then shuffle.",Mítica,R$ 299.99 
99,"Chandra, Pyromaster",Legendary Planeswalker — Chandra,4,Loyalty: 4,"+1: Chandra, Pyromaster deals 1 damage to target player or planeswalker and 1 damage to up to one target creature that player or that planeswalker’s controller controls. That creature can’t block this turn.0: Exile the top card of your library. You may play it this turn.−7: Exile the top ten cards of your library. Choose an instant or sorcery card exiled this way and copy it three times. You may cast the copies without paying their mana costs.",Mítica,R$ 5.00 
100,"Nissa, Worldwaker",Legendary Planeswalker — Nissa,5,Loyalty: 3,"+1: Target land you control becomes a 4/4 Elemental creature with trample. It’s still a land.+1: Untap up to four target Forests.−7: Search your library for any number of basic land cards, put them onto the battlefield, then shuffle. Those lands become 4/4 Elemental creatures with trample. They’re still lands.",Mítica,R$ 9.70 
101,"Tamiyo, Field Researcher",Legendary Planeswalker — Tamiyo,4,Loyalty: 4,"+1: Choose up to two target creatures. Until your next turn, whenever either of those creatures deals combat damage, you draw a card.−2: Tap up to two target nonland permanents. They don’t untap during their controller’s next untap step.−7: Draw three cards. You get an emblem with “You may cast spells from your hand without paying their mana costs.”",Mítica,R$ 0.00 
102,"Ugin, the Spirit Dragon",Legendary Planeswalker — Ugin,8,Loyalty: 7,"+2: Ugin, the Spirit Dragon deals 3 damage to any target.−X: Exile each permanent with mana value X or less that’s one or more colors.−10: You gain 7 life, draw seven cards, then put up to seven permanent cards from your hand onto the battlefield.",Mítica,R$ 164.99 
103,"Ral, Izzet Viceroy",Legendary Planeswalker — Ral,5,Loyalty: 5,"+1: Look at the top two cards of your library. Put one of them into your hand and the other into your graveyard.−3: Ral, Izzet Viceroy deals damage to target creature equal to the total number of instant and sorcery cards you own in exile and in your graveyard.−8: You get an emblem with “Whenever you cast an instant or sorcery spell, this emblem deals 4 damage to any target and you draw two cards.”",Mítica,R$ 3.50 
104,"Vraska, Golgari Queen",Legendary Planeswalker — Vraska,4,Loyalty: 4,"+2: You may sacrifice another permanent. If you do, you gain 1 life and draw a card.−3: Destroy target nonland permanent with mana value 3 or less.−9: You get an emblem with “Whenever a creature you control deals combat damage to a player, that player loses the game.”",Mítica,R$ 59.99
105,"Ral, Caller of Storms",Legendary Planeswalker — Ral,6,Loyalty: 4,"+1: Draw a card.−2: Ral, Caller of Storms deals 3 damage divided as you choose among one, two, or three targets.−7: Draw seven cards. Ral, Caller of Storms deals 7 damage to each creature your opponents control.",Mítica,R$ 3.14 
106,"Vraska, Regal Gorgon",Legendary Planeswalker — Vraska,7,Loyalty: 5,"+2: Put a +1/+1 counter on up to one target creature. That creature gains menace until end of turn.−3: Destroy target creature.−10: For each creature card in your graveyard, put a +1/+1 counter on each creature you control.",Mítica,R$ 3.00 
107,Mu Yanling,Legendary Planeswalker — Yanling,6,Loyalty: 5,+2: Target creature can’t be blocked this turn.−3: Draw two cards.−10: Tap all creatures your opponents control. You take an extra turn after this one.,Mítica,R$ 20.00 
108,Jiang Yanggu,Legendary Planeswalker — Yanggu,5,Loyalty: 4,"+1: Target creature gets +2/+2 until end of turn.−1: If you don’t control a creature named Mowu, create Mowu, a legendary 3/3 green Dog creature token.−5: Until end of turn, target creature gains trample and gets +X/+X, where X is the number of lands you control.",Mítica,R$ 5.00 
109,Domri Rade,Legendary Planeswalker — Domri,3,Loyalty: 3,"+1: Look at the top card of your library. If it’s a creature card, you may reveal it and put it into your hand.−2: Target creature you control fights another target creature.−7: You get an emblem with “Creatures you control have double strike, trample, hexproof, and haste.”",Mítica,R$ 7.95 
110,"Samut, the Tested",Legendary Planeswalker — Samut,4,Loyalty: 4,"+1: Up to one target creature gains double strike until end of turn.−2: Samut, the Tested deals 2 damage divided as you choose among one or two targets.−7: Search your library for up to two creature and/or planeswalker cards, put them onto the battlefield, then shuffle.",Mítica,R$ 4.50 
111,"Nissa, Genesis Mage",Legendary Planeswalker — Nissa,7,Loyalty: 5,+2: Untap up to two target creatures and up to two target lands.−3: Target creature gets +5/+5 until end of turn.−10: Look at the top ten cards of your library. You may put any number of creature and/or land cards from among them onto the battlefield. Put the rest on the bottom of your library in a random order.,Mítica,R$ 9.90 
112,"Nicol Bolas, the Deceiver",Legendary Planeswalker — Bolas,8,Loyalty: 5,"+3: Each opponent loses 3 life unless that player sacrifices a nonland permanent or discards a card.−3: Destroy target creature. Draw a card.−11: Nicol Bolas, the Deceiver deals 7 damage to each opponent. You draw seven cards.",Mítica,R$ 32.00 
113,Garruk Relentless ,Legendary Planeswalker — Garruk,4,Loyalty: 3,"When Garruk Relentless has two or fewer loyalty counters on him, transform him.0: Garruk Relentless deals 3 damage to target creature. That creature deals damage equal to its power to him.0: Create a 2/2 green Wolf creature token.",Mítica,R$ 7.50 
114,"Kasmina, Enigmatic Mentor",Legendary Planeswalker — Kasmina,4,Loyalty: 5,"Spells your opponents cast that target a creature or planeswalker you control cost {2} more to cast.−2: Create a 2/2 blue Wizard creature token. Draw a card, then discard a card.",Incomum,R$ 0.25 
115,"Arlinn, Voice of the Pack",Legendary Planeswalker — Arlinn,6,Loyalty: 7,Each creature you control that’s a Wolf or a Werewolf enters the battlefield with an additional +1/+1 counter on it.−2: Create a 2/2 green Wolf creature token.,Incomum,R$ 0.74 
116,"Ajani, Strength of the Pride",Legendary Planeswalker — Ajani,4,Loyalty: 5,"+1: You gain life equal to the number of creatures you control plus the number of planeswalkers you control.−2: Create a 2/2 white Cat Soldier creature token named Ajani’s Pridemate with “Whenever you gain life, put a +1/+1 counter on Ajani’s Pridemate.”0: If you have at least 15 life more than your starting life total, exile Ajani, Strength of the Pride and each artifact and creature your opponents control.",Mítica,R$ 18.00 
117,"Jace, Arcane Strategist",Legendary Planeswalker — Jace,6,Loyalty: 4,"Whenever you draw your second card each turn, put a +1/+1 counter on target creature you control.+1: Draw a card.−7: Creatures you control can’t be blocked this turn.",Mítica,R$ 7.73 
118,"Tezzeret, Artifice Master",Legendary Planeswalker — Tezzeret,5,Loyalty: 5,"+1: Create a 1/1 colorless Thopter artifact creature token with flying.0: Draw a card. If you control three or more artifacts, draw two cards instead.−9: You get an emblem with “At the beginning of your end step, search your library for a permanent card, put it onto the battlefield, then shuffle.”",Mítica,R$ 14.75 
119,"Ob Nixilis, the Hate-Twisted",Legendary Planeswalker — Nixilis,5,Loyalty: 5,"Whenever an opponent draws a card, Ob Nixilis, the Hate-Twisted deals 1 damage to that player.−2: Destroy target creature. Its controller draws two cards.",Incomum,R$ 0.95 
120,"Chandra, Flame's Fury",Legendary Planeswalker — Chandra,6,Loyalty: 4,"+1: Chandra, Flame’s Fury deals 2 damage to any target.−2: Chandra, Flame’s Fury deals 4 damage to target creature and 2 damage to that creature’s controller.−8: Chandra, Flame’s Fury deals 10 damage to target player and each creature that player controls.",Mítica,R$ 6.43 
121,"Sarkhan, the Dragonspeaker",Legendary Planeswalker — Sarkhan,5,Loyalty: 4,"+1: Until end of turn, Sarkhan, the Dragonspeaker becomes a legendary 4/4 red Dragon creature with flying, indestructible, and haste. (He doesn’t lose loyalty while he’s not a planeswalker.)−3: Sarkhan, the Dragonspeaker deals 4 damage to target creature.−6: You get an emblem with “At the beginning of your draw step, draw two additional cards” and “At the beginning of your end step, discard your hand.”",Mítica,R$ 1.49 
122,"Ajani, Mentor of Heroes",Legendary Planeswalker — Ajani,5,Loyalty: 4,"+1: Distribute three +1/+1 counters among one, two, or three target creatures you control.+1: Look at the top four cards of your library. You may reveal an Aura, creature, or planeswalker card from among them and put it into your hand. Put the rest on the bottom of your library in any order.−8: You gain 100 life.",Mítica,R$ 68.98 
123,"Nissa, Vital Force",Legendary Planeswalker — Nissa,5,Loyalty: 5,"+1: Untap target land you control. Until your next turn, it becomes a 5/5 Elemental creature with haste. It’s still a land.−3: Return target permanent card from your graveyard to your hand.−6: You get an emblem with “Whenever a land enters the battlefield under your control, you may draw a card.”",Mítica,R$ 0.00 
124,Dovin Baan,Legendary Planeswalker — Dovin,4,Loyalty: 3,"+1: Until your next turn, up to one target creature gets -3/-0 and its activated abilities can’t be activated.−1: You gain 2 life and draw a card.−7: You get an emblem with “Your opponents can’t untap more than two permanents during their untap steps.”",Mítica,R$ 0.00 
125,Saheeli Rai,Legendary Planeswalker — Saheeli,3,Loyalty: 3,"+1: Scry 1. Saheeli Rai deals 1 damage to each opponent.−2: Create a token that’s a copy of target artifact or creature you control, except it’s an artifact in addition to its other types. That token gains haste. Exile it at the beginning of the next end step.−7: Search your library for up to three artifact cards with different names, put them onto the battlefield, then shuffle.",Mítica,R$ 0.00 
126,"Chandra, Pyrogenius",Legendary Planeswalker — Chandra,6,Loyalty: 5,"+2: Chandra, Pyrogenius deals 2 damage to each opponent.−3: Chandra, Pyrogenius deals 4 damage to target creature.−10: Chandra, Pyrogenius deals 6 damage to target player or planeswalker and each creature that player or that planeswalker’s controller controls.",Mítica,R$ 8.90 
127,"Nissa, Nature's Artisan",Legendary Planeswalker — Nissa,6,Loyalty: 5,+3: You gain 3 life.−4: Reveal the top two cards of your library. Put all land cards from among them onto the battlefield and the rest into your hand.−12: Creatures you control get +5/+5 and gain trample until end of turn.,Mítica,R$ 29.99 
128,"Sorin, Solemn Visitor",Legendary Planeswalker — Sorin,4,Loyalty: 4,"+1: Until your next turn, creatures you control get +1/+0 and gain lifelink.−2: Create a 2/2 black Vampire creature token with flying.−6: You get an emblem with “At the beginning of each opponent’s upkeep, that player sacrifices a creature.”",Mítica,R$ 4.95 
129,Quintorius Kand,Legendary Planeswalker — Quintorius,5,Loyalty: 4,"Whenever you cast a spell from exile, Quintorius Kand deals 2 damage to each opponent and you gain 2 life.+1: Create a 3/2 red and white Spirit creature token.−3: Discover 4.−6: Exile any number of target cards from your graveyard. Add {R} for each card exiled this way. You may play those cards this turn.",Mítica,R$ 29.95 
130,Ajani Goldmane,Legendary Planeswalker — Ajani,4,Loyalty: 4,+1: You gain 2 life.−1: Put a +1/+1 counter on each creature you control. Those creatures gain vigilance until end of turn.−6: Create a white Avatar creature token. It has “This creature’s power and toughness are each equal to your life total.”,Mítica,R$ 89.00
131,"Jace, Memory Adept",Legendary Planeswalker — Jace,5,Loyalty: 4,+1: Draw a card. Target player mills a card.0: Target player mills ten cards.−7: Any number of target players each draw twenty cards.,Mítica,R$ 6.75 
132,Sorin Markov,Legendary Planeswalker — Sorin,6,Loyalty: 4,+2: Sorin Markov deals 2 damage to any target and you gain 2 life.−3: Target opponent’s life total becomes 10.−7: You control target player during that player’s next turn.,Mítica,R$ 19.50 
133,"Chandra, the Firebrand",Legendary Planeswalker — Chandra,4,Loyalty: 3,"+1: Chandra, the Firebrand deals 1 damage to any target.−2: When you cast your next instant or sorcery spell this turn, copy that spell. You may choose new targets for the copy.−6: Chandra, the Firebrand deals 6 damage to each of up to six targets.",Mítica,R$ 3.32 
134,"Ajani, Caller of the Pride",Legendary Planeswalker — Ajani,3,Loyalty: 4,"+1: Put a +1/+1 counter on up to one target creature.−3: Target creature gains flying and double strike until end of turn.−8: Create X 2/2 white Cat creature tokens, where X is your life total.",Mítica,R$ 8.90 
135,Mind Sculpt,Legendary Planeswalker — Jace,2,Loyalty: 3,"+2: Look at the top card of target player’s library. You may put that card on the bottom of that player’s library.0: Draw three cards, then put two cards from your hand on top of your library in any order.−1: Return target creature to its owner’s hand.−12: Exile all cards from target player’s library, then that player shuffles their hand into their library.",Comum,R$ 0.50 
136,Liliana of the Dark Realms,Legendary Planeswalker — Liliana,4,Loyalty: 3,"+1: Search your library for a Swamp card, reveal it, put it into your hand, then shuffle.−3: Target creature gets +X/+X or -X/-X until end of turn, where X is the number of Swamps you control.−6: You get an emblem with “Swamps you control have ‘{T}: Add {B}{B}{B}{B}.’”",Mítica,R$ 135.00 
137,"Garruk, Caller of Beasts",Legendary Planeswalker — Garruk,6,Loyalty: 4,"+1: Reveal the top five cards of your library. Put all creature cards revealed this way into your hand and the rest on the bottom of your library in any order.−3: You may put a green creature card from your hand onto the battlefield.−7: You get an emblem with “Whenever you cast a creature spell, you may search your library for a creature card, put it onto the battlefield, then shuffle.”",Mítica,R$ 57.50 
138,"Jace, the Living Guildpact",Legendary Planeswalker — Jace,4,Loyalty: 5,+1: Look at the top two cards of your library. Put one of them into your graveyard.−3: Return another target nonland permanent to its owner’s hand.−8: Each player shuffles their hand and graveyard into their library. You draw seven cards.,Mítica,R$ 2.49 
139,"Garruk, Apex Predator",Legendary Planeswalker — Garruk,7,Loyalty: 5,"+1: Destroy another target planeswalker.+1: Create a 3/3 black Beast creature token with deathtouch.−3: Destroy target creature. You gain life equal to its toughness.−8: Target opponent gets an emblem with “Whenever a creature attacks you, it gets +5/+5 and gains trample until end of turn.”",Mítica,R$ 6.47 
140,"Ajani, Adversary of Tyrants",Legendary Planeswalker — Ajani,4,Loyalty: 4,"+1: Put a +1/+1 counter on each of up to two target creatures.−2: Return target creature card with mana value 2 or less from your graveyard to the battlefield.−7: You get an emblem with “At the beginning of your end step, create three 1/1 white Cat creature tokens with lifelink.”",Mítica,R$ 9.90 
141,"Liliana, Untouched by Death",Legendary Planeswalker — Liliana,4,Loyalty: 4,"+1: Mill three cards. If at least one Zombie card is milled this way, each opponent loses 2 life and you gain 2 life.−2: Target creature gets -X/-X until end of turn, where X is the number of Zombies you control.−3: You may cast Zombie spells from your graveyard this turn.",Mítica,R$ 17.41 
142,"Sarkhan, Fireblood",Legendary Planeswalker — Sarkhan,3,Loyalty: 3,"+1: You may discard a card. If you do, draw a card.+1: Add two mana in any combination of colors. Spend this mana only to cast Dragon spells.−7: Create four 5/5 red Dragon creature tokens with flying.",Mítica,R$ 37.97 
143,Vivien Reid,Legendary Planeswalker — Vivien,5,Loyalty: 5,"+1: Look at the top four cards of your library. You may reveal a creature or land card from among them and put it into your hand. Put the rest on the bottom of your library in a random order.−3: Destroy target artifact, enchantment, or creature with flying.−8: You get an emblem with “Creatures you control get +2/+2 and have vigilance, trample, and indestructible.”",Mítica,R$ 8.50 
144,"Ajani, Wise Counselor",Legendary Planeswalker — Ajani,5,Loyalty: 5,"+2: You gain 1 life for each creature you control.−3: Creatures you control get +2/+2 until end of turn.−9: Put X +1/+1 counters on target creature, where X is your life total.",Mítica,R$ 23.90 
145,"Tezzeret, Cruel Machinist",Legendary Planeswalker — Tezzeret,6,Loyalty: 4,"+1: Draw a card.0: Until your next turn, target artifact you control becomes a 5/5 creature in addition to its other types.−7: Put any number of cards from your hand onto the battlefield face down. They’re 5/5 artifact creatures.",Mítica,R$ 5.32 
146,"Liliana, the Necromancer",Legendary Planeswalker — Liliana,5,Loyalty: 4,+1: Target player loses 2 life.−1: Return target creature card from your graveyard to your hand.−7: Destroy up to two target creatures. Put up to two creature cards from graveyards onto the battlefield under your control.,Mítica,R$ 31.49 
147,"Sarkhan, Dragonsoul",Legendary Planeswalker — Sarkhan,6,Loyalty: 5,"+2: Sarkhan, Dragonsoul deals 1 damage to each opponent and each creature your opponents control.−3: Sarkhan, Dragonsoul deals 4 damage to target player or planeswalker.−9: Search your library for any number of Dragon creature cards, put them onto the battlefield, then shuffle.",Mítica,R$ 24.97 
148,Vivien of the Arkbow,Legendary Planeswalker — Vivien,6,Loyalty: 5,+2: Put two +1/+1 counters on up to one target creature.−3: Target creature you control deals damage equal to its power to target creature you don’t control.−9: Creatures you control get +4/+4 and gain trample until end of turn.,Mítica,R$ 9.45 
149,"Mu Yanling, Sky Dancer",Legendary Planeswalker — Yanling,3,Loyalty: 2,"+2: Until your next turn, up to one target creature gets -2/-0 and loses flying.−3: Create a 4/4 blue Elemental Bird creature token with flying.−8: You get an emblem with “Islands you control have ‘{T}: Draw a card.’”",Mítica,R$ 5.95 
150,"Sorin, Imperious Bloodlord",Legendary Planeswalker — Sorin,3,Loyalty: 4,"+1: Target creature you control gains deathtouch and lifelink until end of turn. If it’s a Vampire, put a +1/+1 counter on it.+1: You may sacrifice a Vampire. When you do, Sorin, Imperious Bloodlord deals 3 damage to any target and you gain 3 life.−3: You may put a Vampire creature card from your hand onto the battlefield.",Mítica,R$ 269.90 
151,"Chandra, Acolyte of Flame",Legendary Planeswalker — Chandra,3,Loyalty: 4,"0: Put a loyalty counter on each red planeswalker you control.0: Create two 1/1 red Elemental creature tokens. They gain haste. Sacrifice them at the beginning of the next end step.−2: You may cast target instant or sorcery card with mana value 3 or less from your graveyard. If that spell would be put into your graveyard, exile it instead.",Rara,R$ 2.90 
152,"Chandra, Novice Pyromancer",Legendary Planeswalker — Chandra,4,Loyalty: 5,"+1: Elementals you control get +2/+0 until end of turn.−1: Add {R}{R}.−2: Chandra, Novice Pyromancer deals 2 damage to any target.",Incomum,R$ 0.20 
153,"Vivien, Arkbow Ranger",Legendary Planeswalker — Vivien,4,Loyalty: 4,+1: Distribute two +1/+1 counters among up to two target creatures. They gain trample until end of turn.−3: Target creature you control deals damage equal to its power to target creature or planeswalker.−5: You may reveal a creature card you own from outside the game and put it into your hand.,Mítica,R$ 11.69 
154,"Ajani, Inspiring Leader",Legendary Planeswalker — Ajani,6,Loyalty: 5,+2: You gain 2 life. Put two +1/+1 counters on up to one target creature.−3: Exile target creature. Its controller gains 2 life.−10: Creatures you control gain flying and double strike until end of turn.,Mítica,R$ 32.90 
155,"Mu Yanling, Celestial Wind",Legendary Planeswalker — Yanling,6,Loyalty: 5,"+1: Until your next turn, up to one target creature gets -5/-0.−3: Return up to two target creatures to their owners’ hands.−7: Creatures you control with flying get +5/+5 until end of turn.",Mítica,R$ 9.48 
156,"Sorin, Vampire Lord",Legendary Planeswalker — Sorin,6,Loyalty: 4,"+1: Up to one target creature gets +2/+0 until end of turn.−2: Sorin, Vampire Lord deals 4 damage to any target. You gain 4 life.−8: Until end of turn, each Vampire you control gains “{T}: Gain control of target creature.”",Mítica,R$ 45.41 
157,"Vivien, Nature's Avenger",Legendary Planeswalker — Vivien,6,Loyalty: 3,+1: Put three +1/+1 counters on up to one target creature.−1: Reveal cards from the top of your library until you reveal a creature card. Put that card into your hand and the rest on the bottom of your library in a random order.−6: Target creature gets +10/+10 and gains trample until end of turn.,Mítica,R$ 19.90 
158,Basri Ket,Legendary Planeswalker — Basri,3,Loyalty: 3,"+1: Put a +1/+1 counter on up to one target creature. It gains indestructible until end of turn.−2: Whenever one or more nontoken creatures attack this turn, create that many 1/1 white Soldier creature tokens that are tapped and attacking.−6: You get an emblem with “At the beginning of combat on your turn, create a 1/1 white Soldier creature token, then put a +1/+1 counter on each creature you control.”",Mítica,R$ 9.00 
159,"Teferi, Master of Time",Legendary Planeswalker — Teferi,4,Loyalty: 3,"You may activate loyalty abilities of Teferi, Master of Time on any player’s turn any time you could cast an instant.+1: Draw a card, then discard a card.−3: Target creature you don’t control phases out. (Treat it and anything attached to it as though they don’t exist until its controller’s next turn.)−10: Take two extra turns after this one.",Mítica,R$ 89.99 
160,"Liliana, Waker of the Dead",Legendary Planeswalker — Liliana,4,Loyalty: 4,"+1: Each player discards a card. Each opponent who can’t loses 3 life.−3: Target creature gets -X/-X until end of turn, where X is the number of cards in your graveyard.−7: You get an emblem with “At the beginning of combat on your turn, put target creature card from a graveyard onto the battlefield under your control. It gains haste.”",Mítica,R$ 26.50 
161,"Chandra, Heart of Fire",Legendary Planeswalker — Chandra,5,Loyalty: 5,"+1: Discard your hand, then exile the top three cards of your library. Until end of turn, you may play cards exiled this way.+1: Chandra, Heart of Fire deals 2 damage to any target.−9: Search your graveyard and library for any number of red instant and/or sorcery cards, exile them, then shuffle. You may cast them this turn. Add six {R}.",Mítica,R$ 9.74 
162,"Garruk, Unleashed",Legendary Planeswalker — Garruk,4,Loyalty: 4,"+1: Up to one target creature gets +3/+3 and gains trample until end of turn.−2: Create a 3/3 green Beast creature token. Then if an opponent controls more creatures than you, put a loyalty counter on Garruk, Unleashed.−7: You get an emblem with “At the beginning of your end step, you may search your library for a creature card, put it onto the battlefield, then shuffle.”",Mítica,R$ 18.90 
163,"Basri, Devoted Paladin",Legendary Planeswalker — Basri,6,Loyalty: 4,"+1: Put a +1/+1 counter on up to one target creature. It gains vigilance until end of turn.−1: Whenever a creature attacks this turn, put a +1/+1 counter on it.−6: Creatures you control get +2/+2 and gain flying until end of turn.",Mítica,R$ 22.99 
164,"Teferi, Timeless Voyager",Legendary Planeswalker — Teferi,6,Loyalty: 4,"+1: Draw a card.−3: Put target creature on top of its owner’s library.−8: Each creature target opponent controls phases out. Until the end of your next turn, they can’t phase in. (Treat them and anything attached to them as though they don’t exist.)",Mítica,R$ 44.00 
165,"Liliana, Death Mage",Legendary Planeswalker — Liliana,6,Loyalty: 4,+1: Return up to one target creature card from your graveyard to your hand.−3: Destroy target creature. Its controller loses 2 life.−7: Target opponent loses 2 life for each creature card in their graveyard.,Mítica,R$ 199.00 
166,"Chandra, Flame's Catalyst",Legendary Planeswalker — Chandra,6,Loyalty: 5,"+1: Chandra, Flame’s Catalyst deals 3 damage to each opponent.−2: You may cast target red instant or sorcery card from your graveyard. If that spell would be put into your graveyard, exile it instead.−8: Discard your hand, then draw seven cards. Until end of turn, you may cast spells from your hand without paying their mana costs.",Mítica,R$ 209.69 
167,"Ral, Caller of Storms",Legendary Planeswalker — Ral,6,Loyalty: 4,"+1: Draw a card.−2: Ral, Caller of Storms deals 3 damage divided as you choose among one, two, or three targets.−7: Draw seven cards. Ral, Caller of Storms deals 7 damage to each creature your opponents control.",Mítica,R$ 3.14 
168,"Garruk, Savage Herald",Legendary Planeswalker — Garruk,6,Loyalty: 5,"+1: Reveal the top card of your library. If it’s a creature card, put it into your hand. Otherwise, put it on the bottom of your library.−2: Target creature you control deals damage equal to its power to another target creature.−7: Until end of turn, creatures you control gain “You may have this creature assign its combat damage as though it weren’t blocked.”",Mítica,R$ 20.03 
169,"Tezzeret, Agent of Bolas",Legendary Planeswalker — Tezzeret,4,Loyalty: 3,"+1: Look at the top five cards of your library. You may reveal an artifact card from among them and put it into your hand. Put the rest on the bottom of your library in any order.−1: Target artifact becomes an artifact creature with base power and toughness 5/5.−4: Target player loses X life and you gain X life, where X is twice the number of artifacts you control.",Mítica,R$ 79.63 
170,Gideon Blackblade,Legendary Planeswalker — Gideon,3,Loyalty: 4,"As long as it’s your turn, Gideon Blackblade is a 4/4 Human Soldier creature with indestructible that’s still a planeswalker.Prevent all damage that would be dealt to Gideon Blackblade during your turn.+1: Up to one other target creature you control gains your choice of vigilance, lifelink, or indestructible until end of turn.−6: Exile target nonland permanent.",Mítica,R$ 6.19 
171,"Nicol Bolas, Dragon-God",Legendary Planeswalker — Bolas,5,Loyalty: 4,"Nicol Bolas, Dragon-God has all loyalty abilities of all other planeswalkers on the battlefield.+1: You draw a card. Each opponent exiles a card from their hand or a permanent they control.−3: Destroy target creature or planeswalker.−8: Each opponent who doesn’t control a legendary creature or planeswalker loses the game.",Mítica,R$ 20.90 
172,"Domri, Chaos Bringer",Legendary Planeswalker — Domri,4,Loyalty: 5,"+1: Add {R} or {G}. If that mana is spent on a creature spell, it gains riot. (It enters the battlefield with your choice of a +1/+1 counter or haste.)−3: Look at the top four cards of your library. You may reveal up to two creature cards from among them and put them into your hand. Put the rest on the bottom of your library in a random order.−8: You get an emblem with “At the beginning of each end step, create a 4/4 red and green Beast creature token with trample.”",Mítica,R$ 2.25 
173,Serra the Benevolent,Legendary Planeswalker — Serra,4,Loyalty: 4,"+2: Creatures you control with flying get +1/+1 until end of turn.−3: Create a 4/4 white Angel creature token with flying and vigilance.−6: You get an emblem with “If you control a creature, damage that would reduce your life total to less than 1 reduces it to 1 instead.”",Mítica,R$ 49.75 
174,Archangel Elspeth,Legendary Planeswalker — Elspeth,4,Loyalty: 4,+1: Create a 1/1 white Soldier creature token with lifelink.−2: Put two +1/+1 counters on target creature. It becomes an Angel in addition to its other types and gains flying.−6: Return all nonland permanent cards with mana value 3 or less from your graveyard to the battlefield.,Mítica,R$ 25.00 
175,"Chandra, Hope's Beacon",Legendary Planeswalker — Chandra,6,Loyalty: 5,"Whenever you cast an instant or sorcery spell, copy it. You may choose new targets for the copy. This ability triggers only once each turn.+2: Add two mana in any combination of colors.+1: Exile the top five cards of your library. Until the end of your next turn, you may cast an instant or sorcery spell from among those exiled cards.−X: Chandra, Hope’s Beacon deals X damage to each of up to two targets.",Mítica,R$ 49.90 
176,Wrenn and Realmbreaker,Legendary Planeswalker — Wrenn,3,Loyalty: 4,"Lands you control have “{T}: Add one mana of any color.”+1: Up to one target land you control becomes a 3/3 Elemental creature with vigilance, hexproof, and haste until your next turn. It’s still a land.−2: Mill three cards. You may put a permanent card from among the milled cards into your hand.−7: You get an emblem with “You may play lands and cast permanent spells from your graveyard.”",Mítica,R$ 34.95 
177,Elspeth Tirel,Legendary Planeswalker — Elspeth,5,Loyalty: 4,+2: You gain 1 life for each creature you control.−2: Create three 1/1 white Soldier creature tokens.−5: Destroy all other permanents except for lands and tokens.,Mítica,R$ 6.89 
178,The Eternal Wanderer,Legendary Planeswalker,6,Loyalty: 5,"No more than one creature can attack The Eternal Wanderer each combat.+1: Exile up to one target artifact or creature. Return that card to the battlefield under its owner’s control at the beginning of that player’s next end step.0: Create a 2/2 white Samurai creature token with double strike.−4: For each player, choose a creature that player controls. Each player sacrifices all creatures they control not chosen this way.",Rara,R$ 12.35 
179,"Jace, the Perfected Mind",Legendary Planeswalker — Jace,4,Loyalty: 5,"Compleated ({U/P} can be paid with {U} or 2 life. If life was paid, this planeswalker enters with two fewer loyalty counters.)+1: Until your next turn, up to one target creature gets -3/-0.−2: Target player mills three cards. Then if a graveyard has twenty or more cards in it, you draw three cards. Otherwise, you draw a card.−X: Target player mills three times X cards.",Mítica,R$ 31.99 
180,"Vraska, Betrayal's Sting",Legendary Planeswalker — Vraska,6,Loyalty: 6,"Compleated ({B/P} can be paid with {B} or 2 life. If life was paid, this planeswalker enters with two fewer loyalty counters.)0: You draw a card and you lose 1 life. Proliferate.−2: Target creature becomes a Treasure artifact with “{T}, Sacrifice this artifact: Add one mana of any color” and loses all other card types and abilities.−9: If target player has fewer than nine poison counters, they get a number of poison counters equal to the difference.",Mítica,R$ 329.00 
181,"Koth, Fire of Resistance",Legendary Planeswalker — Koth,4,Loyalty: 4,"+2: Search your library for a basic Mountain card, reveal it, put it into your hand, then shuffle.−3: Koth, Fire of Resistance deals damage to target creature equal to the number of Mountains you control.−7: You get an emblem with “Whenever a Mountain enters the battlefield under your control, this emblem deals 4 damage to any target.”",Rara,R$ 25.00 
182,"Nissa, Ascended Animist",Legendary Planeswalker — Nissa,7,Loyalty: 7,"Compleated ({G/P} can be paid with {G} or 2 life. For each {G/P} paid with life, this planeswalker enters with two fewer loyalty counters.)+1: Create an X/X green Phyrexian Horror creature token, where X is Nissa, Ascended Animist’s loyalty.−1: Destroy target artifact or enchantment.−7: Until end of turn, creatures you control get +1/+1 for each Forest you control and gain trample.",Mítica,R$ 89.25 
183,"Kaito, Dancing Shadow",Legendary Planeswalker — Kaito,4,Loyalty: 3,"Whenever one or more creatures you control deal combat damage to a player, you may return one of them to its owner’s hand. If you do, you may activate loyalty abilities of Kaito twice this turn rather than only once.+1: Up to one target creature can’t attack or block until your next turn.0: Draw a card.−2: Create a 2/2 colorless Drone artifact creature token with deathtouch and “When this creature leaves the battlefield, each opponent loses 2 life and you gain 2 life.”",Rara,R$ 4.63 
184,"Kaya, Intangible Slayer",Legendary Planeswalker — Kaya,7,Loyalty: 6,"Hexproof+2: Each opponent loses 3 life and you gain 3 life.0: You draw two cards. Then each opponent may scry 1.−3: Exile target creature or enchantment. If it wasn’t an Aura, create a token that’s a copy of it, except it’s a 1/1 white Spirit creature with flying in addition to its other types.",Rara,R$ 13.66 
185,"Lukka, Bound to Ruin",Legendary Planeswalker — Lukka,5,Loyalty: 5,"Compleated ({R/G/P} can be paid with {R}, {G}, or 2 life. If life was paid, this planeswalker enters with two fewer loyalty counters.)+1: Add {R}{G}. Spend this mana only to cast creature spells or activate abilities of creatures.−1: Create a 3/3 green Phyrexian Beast creature token with toxic 1.−4: Lukka deals X damage divided as you choose among any number of target creatures and/or planeswalkers, where X is the greatest power among creatures you controlled as you activated this ability.",Mítica,R$ 13.71 
186,"Nahiri, the Unforgiving",Legendary Planeswalker — Nahiri,4,Loyalty: 5,"Compleated ({R/W/P} can be paid with {R}, {W}, or 2 life. If life was paid, this planeswalker enters with two fewer loyalty counters.)+1: Until your next turn, up to one target creature attacks a player each combat if able.+1: Discard a card, then draw a card.0: Exile target creature or Equipment card with mana value less than Nahiri’s loyalty from your graveyard. Create a token that’s a copy of it. That token gains haste. Exile it at the beginning of the next end step.",Mítica,R$ 9.14 
187,"Tyvar, Jubilant Brawler",Legendary Planeswalker — Tyvar,3,Loyalty: 3,"You may activate abilities of creatures you control as though those creatures had haste.+1: Untap up to one target creature.−2: Mill three cards, then you may return a creature card with mana value 2 or less from your graveyard to the battlefield.",Rara,R$ 17.00 
188,"Teferi, Timebender",Legendary Planeswalker — Teferi,6,Loyalty: 5,+2: Untap up to one target artifact or creature.−3: You gain 2 life and draw two cards.−9: Take an extra turn after this one.,Mítica,R$ 4.64 
189,Karn,Legendary Planeswalker — Karn,0,Loyalty: 4,"+1: Create a tapped Powerstone token. (It’s an artifact with “{T}: Add {C}. This mana can’t be spent to cast a nonartifact spell.”)0: Pay any amount of mana. Look at that many cards from the top of your library, then put one of those cards into your hand and the rest on the bottom of your library in a random order.−6: You get an emblem with “Tap an untapped artifact you control: This emblem deals 1 damage to any target.”",Special,R$ 69.99 
190,"Vraska, Scheming Gorgon",Legendary Planeswalker — Vraska,6,Loyalty: 5,"+2: Creatures you control get +1/+0 until end of turn.−3: Destroy target creature.−10: Until end of turn, creatures you control gain deathtouch and “Whenever this creature deals damage to an opponent, that player loses the game.”",Mítica,R$ 14.99 
191,"Angrath, Minotaur Pirate",Legendary Planeswalker — Angrath,6,Loyalty: 5,"+2: Angrath, Minotaur Pirate deals 1 damage to target opponent or planeswalker and each creature that player or that planeswalker’s controller controls.−3: Return target Pirate card from your graveyard to the battlefield.−11: Destroy all creatures target opponent controls. Angrath, Minotaur Pirate deals damage to that player equal to their total power.",Mítica,R$ 14.61 
192,"Dovin, Grand Arbiter",Legendary Planeswalker — Dovin,3,Loyalty: 3,"+1: Until end of turn, whenever a creature you control deals combat damage to a player, put a loyalty counter on Dovin, Grand Arbiter.−1: Create a 1/1 colorless Thopter artifact creature token with flying. You gain 1 life.−7: Look at the top ten cards of your library. Put three of them into your hand and the rest on the bottom of your library in a random order.",Mítica,R$ 1.47 
193,"Dovin, Architect of Law",Legendary Planeswalker — Dovin,6,Loyalty: 5,+1: You gain 2 life and draw a card.−1: Tap target creature. It doesn’t untap during its controller’s next untap step.−9: Tap all permanents target opponent controls. That player skips their next untap step.,Mítica,R$ 15.57 
194,"Domri, City Smasher",Legendary Planeswalker — Domri,6,Loyalty: 4,"+2: Creatures you control get +1/+1 and gain haste until end of turn.−3: Domri, City Smasher deals 3 damage to any target.−8: Put three +1/+1 counters on each creature you control. Those creatures gain trample until end of turn.",Mítica,R$ 5.84 
195,"Ashiok, Sculptor of Fears",Legendary Planeswalker — Ashiok,6,Loyalty: 4,+2: Draw a card. Each player mills two cards.−5: Put target creature card from a graveyard onto the battlefield under your control.−11: Gain control of all creatures target opponent controls.,Mítica,R$ 12.75 
196,"Ashiok, Nightmare Weaver",Legendary Planeswalker — Ashiok,3,Loyalty: 3,"+2: Exile the top three cards of target opponent’s library.−X: Put a creature card with mana value X exiled with Ashiok, Nightmare Weaver onto the battlefield under your control. That creature is a Nightmare in addition to its other types.−10: Exile all cards from all opponents’ hands and graveyards.",Mítica,R$ 7.90 
197,"Jace, Ingenious Mind-Mage",Legendary Planeswalker — Jace,6,Loyalty: 5,+1: Draw a card.+1: Untap all creatures you control.−9: Gain control of up to three target creatures.,Mítica,R$ 10.50 
198,"Huatli, Dinosaur Knight",Legendary Planeswalker — Huatli,6,Loyalty: 4,+2: Put two +1/+1 counters on up to one target Dinosaur you control.−3: Target Dinosaur you control deals damage equal to its power to target creature you don’t control.−7: Dinosaurs you control get +4/+4 until end of turn.,Mítica,R$ 5.03 
199,Chandra Ablaze,Legendary Planeswalker — Chandra,6,Loyalty: 5,"+1: Discard a card. If a red card is discarded this way, Chandra Ablaze deals 4 damage to any target.−2: Each player discards their hand, then draws three cards.−7: Cast any number of red instant and/or sorcery cards from your graveyard without paying their mana costs.",Mítica,R$ 6.80 
